{"_id":{"$oid":"5e38b5cb9d9b1c9488a32cd9"},"Title":"Gladiator","Year":2008.0,"Description":"A former Roman General sets out to exact vengeance against the corrupt emperor who murdered his family and sent him into slavery. Maximus is a powerful Roman general, loved by the people and the aging Emperor, Marcus Aurelius. Maximus is then relegated to fighting to the death in the gladiator arenas.","Genre":{"Name":"Action","Description":"Action film is a film Genre in which the protagonist or protagonists are thrust into a series of events that typically include violence, extended fighting, physical feats, and frantic chases. Action films tend to Feature a resourceful hero struggling against incredible odds, which include life-threatening situations, a villain, or a pursuit which usually concludes in victory for the hero."},"Director":{"Name":"Ridley Scott","Bio":"Sir Ridley Scott is an English filmmaker","Birth":1937.0},"ImageURL":"Gladiator.png","Featured":true}
{"_id":{"$oid":"5e38b5cb9d9b1c9488a32cda"},"Title":"Schindler's List","Year":1993.0,"Description":"In German-occupied Poland during World War II, industrialist Oskar Schindler gradually becomes concerned for his Jewish workforce after witnessing their persecution by the Nazis.","Genre":{"Name":"Drama","Description":"In film and television, drama is a Genre of narrative fiction or semi-fiction intended to be more serious than humorous in tone. All forms of cinema or television that involve fictional stories are forms of drama in the broader sense if their storytelling is achieved by means of actors who represent (mimesis) characters."},"Director":{"Name":"Steven Spielberg","Bio":"Steven Allan Spielberg is an American director and producer","Birth":1946.0},"ImageURL":"Schindler's List.png","Featured":true,"Bio":"Steven Allan Spielberg is an American filmmaker. He is considered one of the founding pioneers of the New Hollywood era and one of the most popular directors and producers in film history."}
{"_id":{"$oid":"5e38b5cb9d9b1c9488a32cdb"},"Title":"Indiana Jones and the Kingdom of the Crystal Skull","Year":2008.0,"Description":"A renowned archaeologist and explorer, Indiana Jones, teams up with a young man in order to unearth the mystery behind the legendary crystal skulls.","Genre":{"Name":"Thriller","Description":"Thriller film, also known as suspense film or suspense thriller, is a broad film Genre that evokes excitement and suspense in the audience. Tension is created by delaying what the audience sees as inevitable, and is built through situations that are menacing or where escape seems impossible."},"Director":{"Name":"Steven Spielberg","Bio":"Steven Allan Spielberg is an American director and producer","Birth":1946.0},"ImageURL":"Indiana Jones and the Kingdom of the Crystal Skull.png","Featured":"true","Bio":"Steven Allan Spielberg is an American filmmaker. He is considered one of the founding pioneers of the New Hollywood era and one of the most popular directors and producers in film history."}
{"_id":{"$oid":"5e38b5cb9d9b1c9488a32cdc"},"Title":"Jurassic Park","Year":1993.0,"Description":"John Hammond, an entrepreneur, opens a wildlife park containing cloned dinosaurs. However, a breakdown of the island's security system causes the creatures to escape and bring about chaos.","Genre":{"Name":"Fantasy","Description":"Fantasy films are films that belong to the fantasy Genre with fantastic themes, usually magic, supernatural events, mythology, folklore, or exotic fantasy worlds. The Genre is considered a form of speculative fiction alongside science fiction films and horror films, although the Genres do overlap. Fantasy films often have an element of magic, myth, wonder, escapism, and the extraordinary."},"Director":{"Name":"Steven Spielberg","Bio":"Steven Allan Spielberg is an American director and producer","Birth":1946.0},"ImageURL":"Jurassic Park.png","Featured":true,"Bio":"Steven Allan Spielberg is an American filmmaker. He is considered one of the founding pioneers of the New Hollywood era and one of the most popular directors and producers in film history."}
{"_id":{"$oid":"5e38b5cb9d9b1c9488a32cdd"},"Title":"Indiana Jones and the Temple of Doom","Year":1984.0,"Description":"Indiana Jones, a legendary archaeologist, finds himself in India, where a bunch of poor villagers reach out to him to track down an ancient stone that has been stolen by an evil priest.","Genre":{"Name":"Thriller","Description":"Thriller film, also known as suspense film or suspense thriller, is a broad film Genre that evokes excitement and suspense in the audience. Tension is created by delaying what the audience sees as inevitable, and is built through situations that are menacing or where escape seems impossible."},"Director":{"Name":"Steven Spielberg","Bio":"Steven Allan Spielberg is an American director and producer","Birth":1946.0},"ImageURL":"Indiana Jones and the Temple of Doom.png","Featured":true,"Bio":"Steven Allan Spielberg is an American filmmaker. He is considered one of the founding pioneers of the New Hollywood era and one of the most popular directors and producers in film history."}
{"_id":{"$oid":"5e38b5cb9d9b1c9488a32cde"},"Title":"Avatar","Year":1998.0,"Description":"Jake, a paraplegic marine, replaces his brother on the Navi inhabited Pandora for a corporate mission. He is accepted by the natives as one of their own but he must decide where his loyalties lie.","Genre":{"Name":"Fantasy","Description":"Fantasy films are films that belong to the fantasy Genre with fantastic themes, usually magic, supernatural events, mythology, folklore, or exotic fantasy worlds. The Genre is considered a form of speculative fiction alongside science fiction films and horror films, although the Genres do overlap. Fantasy films often have an element of magic, myth, wonder, escapism, and the extraordinary."},"Director":{"Name":"James Cameron","Bio":"James Francis Cameron CC is a Canadian filmmaker, artist, and environmentalist, who is best known for making science fiction and epic films for the Hollywood mainstream","Birth":1954.0},"ImageURL":"Avatar.png","Featured":true}
{"_id":{"$oid":"5e38b5cb9d9b1c9488a32cdf"},"Title":"Kill Bill","Year":2003.0,"Description":"A pregnant assassin, code-Named The Bride, goes into a coma for four Years after her ex-boss Bill brutally attacks her. When she wakes up, she sets out to seek revenge on him and his associates.","Genre":{"Name":"Action","Description":"Action film is a film Genre in which the protagonist or protagonists are thrust into a series of events that typically include violence, extended fighting, physical feats, and frantic chases. Action films tend to Feature a resourceful hero struggling against incredible odds, which include life-threatening situations, a villain, or a pursuit which usually concludes in victory for the hero."},"Director":{"Name":"Quentin Tarantino","Bio":"Quentin Jerome Tarantino is an American filmmaker and actor","Birth":1963.0},"ImageURL":"Kill Bill.png","Featured":true}
{"_id":{"$oid":"5e38b5cb9d9b1c9488a32ce0"},"Title":"Heaven \u0026 Earth","Year":1993.0,"Description":"During the Vietnam War, a VietNamese woman struggles hustling on the streets, where she comes face to face with those involved in the conflict around her.","Genre":{"Name":"Drama","Description":"In film and television, drama is a Genre of narrative fiction (or semi-fiction) intended to be more serious than humorous in tone. All forms of cinema or television that involve fictional stories are forms of drama in the broader sense if their storytelling is achieved by means of actors who represent (mimesis) characters."},"Director":{"Name":"Oliver Stone","Bio":"William Oliver Stone is an American filmmaker, director, and writer","Birth":1946.0},"ImageURL":"Heaven \u0026 Earth.png","Featured":true}
{"_id":{"$oid":"5e38b5cb9d9b1c9488a32ce1"},"Title":"The Shape of Water","Year":2018.0,"Description":"At a top secret research facility in the 1960s, a lonely janitor forms a unique relationship with an amphiBious creature that is being held in captivity.","Genre":{"Name":"Thriller","Description":"Thriller film, also known as suspense film or suspense thriller, is a broad film Genre that evokes excitement and suspense in the audience. Tension is created by delaying what the audience sees as inevitable, and is built through situations that are menacing or where escape seems impossible."},"Director":{"Name":"Guillermo del Toro","Bio":"Guillermo del Toro Gómez is a Mexican filmmaker, author, actor, and former special effects makeup artist","Birth":1964.0},"ImageURL":"The Shape of Water.png","Featured":true}
{"_id":{"$oid":"5e38b5cb9d9b1c9488a32ce2"},"Title":"Slumdog Millionaire","Year":2009.0,"Description":"A Mumbai teenager reflects on his life after being accused of cheating on the Indian version of Who Wants to be a Millionaire ?","Genre":{"Name":"Drama","Description":"In film and television, drama is a Genre of narrative fiction (or semi-fiction) intended to be more serious than humorous in tone. All forms of cinema or television that involve fictional stories are forms of drama in the broader sense if their storytelling is achieved by means of actors who represent (mimesis) characters."},"Director":{"Name":"Danny Boyle","Bio":"Daniel Francis Boyle is an English director of film and stage, producer, and screenwriter","Birth":1956.0},"ImageURL":"Slumdog Millionaire.png","Featured":true}
{"_id":{"$oid":"5e38b5cb9d9b1c9488a32ce3"},"Title":"The Tiger: An Old Hunter's Tale","Year":2015.0,"Description":"A tragedy makes Man-duk, a revered hunter, give up hunting. He keeps declining the government's requests to hunt down the last remaining tiger in Korea until his own son suffers the beast's wrath.","Genre":{"Name":"Action","Description":"Action film is a film Genre in which the protagonist or protagonists are thrust into a series of events that typically include violence, extended fighting, physical feats, and frantic chases. Action films tend to Feature a resourceful hero struggling against incredible odds, which include life-threatening situations, a villain, or a pursuit which usually concludes in victory for the hero."},"Director":{"Name":"Park Hoon-jung","Bio":"Park Hoon-jung is a South Korean film director and screenwriter","Birth":1977.0},"ImageURL":"The Tiger: An Old Hunter's Tale.png","Featured":true}
{"_id":{"$oid":"5e38b5cb9d9b1c9488a32ce4"},"Title":"The Chronicles of Narnia","Year":2005.0,"Description":"While playing, Lucy and her siblings find a wardrobe that lands them in a mystical place called Narnia. Here they realise that it was fated and they must now unite with Aslan to defeat an evil queen.","Genre":{"Name":"Adventure","Description":"Adventure Films are exciting stories, with new experiences or exotic locales. Adventure films are very similar to the action film Genre, in that they are designed to provide an action-filled, energetic experience for the film viewer."},"Director":{"Name":"Andrew Adamson","Bio":"Andrew Ralph Adamson MNZM is a New Zealand film director, producer and screenwriter based mainly in Los Angeles","Birth":1966.0},"ImageURL":"The Chronicles of Narnia.png","Featured":true}
{"_id":{"$oid":"5e38b5cb9d9b1c9488a32ce5"},"Title":"The Mummy","Year":1999.0,"Description":"When an archaeologist couple's son finds the Bracelet of Anubis, it locks onto his wrist. A cult resurrects Imhotep, an evil Egyptian high priest, who needs the bracelet to defeat the Scorpion King.","Genre":{"Name":"Adventure","Description":"Adventure Films are exciting stories, with new experiences or exotic locales. Adventure films are very similar to the action film Genre, in that they are designed to provide an action-filled, energetic experience for the film viewer."},"Director":{"Name":"Stephen Sommers","Bio":"Stephen Sommers is an American film director and screenwriter best known for big-budget movies","Birth":1962.0},"ImageURL":"The Mummy.png","Featured":true}
