{"_id":{"$oid":"5e3600e31ab6d0f3619f564f"},"username":"jonedoe123","password":"password123","email":"example1@gmail.com","Birthday":{"$date":"1977-02-19T00:00:00.000Z"},"Favorites":["Gladiator","Indiana Jones and the Kingdom of the Crystal Skull"]}
{"_id":{"$oid":"5e3600e31ab6d0f3619f5650"},"username":"jack1","password":"password1234","email":"example2@gmail.com","Birthday":{"$date":"1988-04-20T00:00:00.000Z"},"Favorites":["Jurassic Park","Indiana Jones and the Temple of Doom","Avatar"]}
{"_id":{"$oid":"5e3600e31ab6d0f3619f5651"},"username":"juli1","password":"password1235","email":"example3@gmail.com","Birthday":{"$date":"1999-05-21T00:00:00.000Z"},"Favorites":["Kill Bill","Heaven \u0026 Earth","The Shape of Water"]}
{"_id":{"$oid":"5e3600e31ab6d0f3619f5652"},"username":"jacky2","password":"password1236","email":"example4@gmail.com","Birthday":{"$date":"1952-06-22T00:00:00.000Z"},"Favorites":["Slumdog Millionaire","The Chronicles of Narnia"]}
